source_wallet,txn_count,No_Days_Active,initial_balance,Last_txn_out,current_balance,first_transaction_date,last_trasaction_date
0x3b729d47675f6aae390fdf371dba1d1eb98bb186,2,1,0.014345,0xdf75054cd67217aee44b4f9e4ebc651c00330938,0.0125827275210612,2022-12-13,2022-12-13
0xed6b8c241b48b0d0cd12a136df2e237202ba6870,2,1,0.090232,0xdf75054cd67217aee44b4f9e4ebc651c00330938,0.0011346028514851,2022-12-18,2022-12-18
0x5879c9ad534b5b9acf47ed0d33a946de46877ac4,5,3,0.1,0xdf75054cd67217aee44b4f9e4ebc651c00330938,0.0130520717297187,2022-12-03,2022-12-20
0x5ab18d26f8494623d1fdd826bfa3f49e693a9270,6,3,0.117232,0x4dbd4fc535ac27206064b68ffcf827b0a60bab3f,0.005448318168514,2022-12-01,2022-12-10
0xcc8f292a8f8b6190518f38727ccba6cd464b70f9,2,1,0.013675,0xdf75054cd67217aee44b4f9e4ebc651c00330938,0.0123699528262382,2022-12-13,2022-12-13
0x1454f4add88d7aa293dab5b69448c66e4aedb2da,4,2,0.013472,0xff1f2b4adb9df6fc8eafecdcbf96a2b351680455,0.0014784440959695,2022-12-19,2022-12-20
0x55d8a375e242e8fa0aa7e37c99e75f20050e16b4,5,3,0.025,0xdf75054cd67217aee44b4f9e4ebc651c00330938,0.0186379868423309,2022-10-15,2022-12-17
0xb0364f95b595aa0d292b885a0c29d59c2f7855e7,5,3,0.0,0xdf75054cd67217aee44b4f9e4ebc651c00330938,0.0053714501977468,2020-12-16,2022-12-21
0x9144737f1c0dbe3737eb6f4c7e0260b67e21730f,8,3,0.09,0xd62f5d1949d29fa9626448979ced7083fb765bd8,8.7529289736e-05,2022-11-24,2022-12-22
0x9191e2d38d8d533811aac93361431882e2005d22,2,1,0.008,0xdf75054cd67217aee44b4f9e4ebc651c00330938,0.0027948481613949,2022-12-19,2022-12-19
0xbc7c0d37263621b6e38a7b9862f700e8ecebc396,2,1,0.005,0xdf75054cd67217aee44b4f9e4ebc651c00330938,0.0009548271681223,2022-12-14,2022-12-14
0xb0137a550ad1f7b596aeaf935e0c3293e01491fe,10,2,0.909232,0xdf75054cd67217aee44b4f9e4ebc651c00330938,0.006177734241508,2022-11-21,2022-12-20
0x8fc1c0a818d002f17c26fdd3f511bea39df34806,8,3,0.014232,0xdf75054cd67217aee44b4f9e4ebc651c00330938,0.0208598886105113,2022-11-10,2022-12-19
0xbb48eac35bf0746954aa4c7b150feb20e875dd54,2,1,0.0215,0xdf75054cd67217aee44b4f9e4ebc651c00330938,0.0004750797667411,2022-12-20,2022-12-20
0x2940b1b67f908f04522e8dc4f4928fd5dc51bd98,4,3,0.0,0xdf75054cd67217aee44b4f9e4ebc651c00330938,0.0038560427513098,2020-12-16,2022-12-21
0xba5ec65681df9b65a8f349634279207c342f3bc0,2,1,0.008,0xdf75054cd67217aee44b4f9e4ebc651c00330938,0.0013585767935636,2022-12-19,2022-12-19
0xf7b2eb735994ada55e002fecc0b83d2adacad2ee,2,2,0.0001,0xdf75054cd67217aee44b4f9e4ebc651c00330938,0.0072177260118393,2022-12-19,2022-12-20
0x648a6b1332c705197b9691da2e423a595787bb12,2,1,0.0060782069650758,0xdf75054cd67217aee44b4f9e4ebc651c00330938,0.0006142680909441,2022-12-09,2022-12-09
0xc962e41e23234eed51853a96b27360c88a528f58,3,3,4.37522,0xdf75054cd67217aee44b4f9e4ebc651c00330938,2.147843158718836,2022-12-05,2022-12-21
0x9ed9390dc2d48f4b223e3d2da27da5f56a4b8cf1,6,2,0.797932,0xdf75054cd67217aee44b4f9e4ebc651c00330938,0.0080776236988505,2022-10-28,2022-12-21
0x3b995edc5047952a8b980a2025b4cfbc4cfe7c8c,4,3,0.2,0xdf75054cd67217aee44b4f9e4ebc651c00330938,0.0807503902393786,2022-12-06,2022-12-20
0x9025b6b74ba7659957f1c8639ca6dc07d895cf1a,2,2,0.01,0xdf75054cd67217aee44b4f9e4ebc651c00330938,0.0060740904577443,2021-01-12,2022-12-21
0x87285e4f04cff248ee68951d69a71c0fbf0b9376,6,3,0.010919,0xdf75054cd67217aee44b4f9e4ebc651c00330938,0.021547360319469,2022-04-19,2022-12-20
0xcf9037c155cea76e3f680834d00297605372cb44,4,2,0.013472,0xff1f2b4adb9df6fc8eafecdcbf96a2b351680455,0.0014054291132078,2022-12-19,2022-12-20
0x035e0304d8973c160b9b5a54f69aae3c614afd06,4,3,0.0,0xdf75054cd67217aee44b4f9e4ebc651c00330938,0.0030316480423006,2020-12-16,2022-12-21
0x5c00ab32587e2bb7d1adcc7ac8f71f0e03913f4f,3,3,0.078232,0xdf75054cd67217aee44b4f9e4ebc651c00330938,0.0290786166103768,2022-12-01,2022-12-20
0x4ed5467590eab045ed0623ab764c1672d051c664,2,1,0.020232,0xdf75054cd67217aee44b4f9e4ebc651c00330938,0.0190506630636487,2022-12-19,2022-12-19
0xd91f1108c67243e51e617cc90e32fac6cddd3b44,6,3,0.2,0xdf75054cd67217aee44b4f9e4ebc651c00330938,0.0688168848513746,2022-12-06,2022-12-20
0x1abc73c314bcd184c613e040e70c88e928f93fb9,4,2,0.013472,0xff1f2b4adb9df6fc8eafecdcbf96a2b351680455,0.0015166969510103,2022-12-19,2022-12-20
0xbc91d16471e399def34af1b2f6d6f2cfc31f1c54,6,2,0.016,0xdf75054cd67217aee44b4f9e4ebc651c00330938,0.0022178588748524,2022-12-04,2022-12-12
0x27434c54f38cc95517db666639d51c26a4127dbe,3,3,0.022,0xdf75054cd67217aee44b4f9e4ebc651c00330938,0.0010201691646729,2021-12-04,2022-12-20
0x381e612aa32b53c868cc908586c349a236c1251d,2,1,0.008,0xdf75054cd67217aee44b4f9e4ebc651c00330938,0.0026888205830578,2022-12-19,2022-12-19
0x11b9945e8f0d75b456346d933597b93c73360214,5,3,0.001,0xdf75054cd67217aee44b4f9e4ebc651c00330938,0.005278447605894,2022-11-23,2022-12-14
0x48f6180898ca8c36a63f4540184934b7ee9940e4,4,3,0.025,0xdf75054cd67217aee44b4f9e4ebc651c00330938,0.00183594007244,2021-12-04,2022-12-20
0x970c236ea3a89473116fdf2c955ce8766cf08dbb,5,3,0.58154851,0xdf75054cd67217aee44b4f9e4ebc651c00330938,0.0641697514422328,2022-12-08,2022-12-21
0xff46169259d4f6d7af64d573669c4b96c27db654,4,3,0.025,0xdf75054cd67217aee44b4f9e4ebc651c00330938,0.0016704037594071,2021-12-04,2022-12-20
0x5d7ffd177dfa4d938174b3275680cd1eaf48f93e,2,1,0.005,0xdf75054cd67217aee44b4f9e4ebc651c00330938,0.0011164174029089,2022-12-14,2022-12-14
0x48c6c25d2c380427d6c07d566ade19b6fb94ffcc,6,3,0.119532,0x4dbd4fc535ac27206064b68ffcf827b0a60bab3f,0.0032302092438389,2022-12-01,2022-12-10
0x6662c4192299b19ad0f62caedbcd4a60359852f5,4,3,5.67717,0xdf75054cd67217aee44b4f9e4ebc651c00330938,0.6081024340939133,2022-12-05,2022-12-20
0x23feaeb78d4e0fc431b66a73e0fd0a632187467c,2,1,0.0042151407857022,0xdf75054cd67217aee44b4f9e4ebc651c00330938,0.002004789326206,2022-12-19,2022-12-19
0x3c99ff8dd2ada9aae00aba224427fd8f86b3cacc,4,2,0.013472,0xff1f2b4adb9df6fc8eafecdcbf96a2b351680455,0.0017940444302659,2022-12-19,2022-12-20
0xafdc9fddb656bd25ae7cafc68f7778543e4572cf,2,1,0.005,0xdf75054cd67217aee44b4f9e4ebc651c00330938,0.0002646106495958,2022-12-12,2022-12-12
0xcb749da414a576446c72b6ed92a1b730b1989649,5,2,0.02556485,0x89a2e37996a4153b627fecc0ccd943d695118fce,6.1181190651e-05,2022-11-24,2022-12-19
0x671418a1a2ab07b4d89987ad3e549f7e91c1a963,5,3,0.009,0xdf75054cd67217aee44b4f9e4ebc651c00330938,0.0005480743645155,2022-10-10,2022-12-16
0x2a57701cc3338ded47fe44695db146342cab2428,3,2,0.01176644,0xd9d74a29307cc6fc8bf424ee4217f1a587fbc8dc,0.0027489603746963,2022-12-15,2022-12-22
0xd7f1303d516487baa33707c4b00a7064256f9279,3,3,0.0038654663105283,0xdf75054cd67217aee44b4f9e4ebc651c00330938,0.0008405929379026,2022-10-20,2022-12-12
0xd548f5c8a1556eaa87a49fcdb1f8aaef627c1fa8,5,3,0.0,0xdf75054cd67217aee44b4f9e4ebc651c00330938,0.0907453826912644,2022-11-18,2022-12-20
0x0b429b70f244b9886b2fe51c4314815279bac87f,4,3,0.0,0xdf75054cd67217aee44b4f9e4ebc651c00330938,0.0030426461513098,2020-12-16,2022-12-21
0xc444e5c8f12b4583b78fd8f8bd447e8bc9fe78c4,5,2,0.29739285996159,0x0f1206c5242c2999927c5956649050d179561362,0.0001134935544924,2021-10-19,2022-12-19
0xb1cefa9ae4f5c3c96fc10140d05b0705e1884325,2,1,0.005,0xdf75054cd67217aee44b4f9e4ebc651c00330938,0.0007799381216883,2022-12-14,2022-12-14
0x4275855b492bcce13021490571ee1c02336be90c,4,3,0.0,0xdf75054cd67217aee44b4f9e4ebc651c00330938,0.0030118445345941,2020-12-16,2022-12-21
0x0d1e51e1089da90a545e088cde8ff625ce3eff0d,7,3,0.095,0xdf75054cd67217aee44b4f9e4ebc651c00330938,0.0092045853035962,2022-06-22,2022-12-20
0x21083cce8d53e15c6396ed42b8cc6f75ac9bf96b,2,1,0.007,0xdf75054cd67217aee44b4f9e4ebc651c00330938,0.0008989771137952,2022-12-16,2022-12-16
0x87965fd149f314f4ba39399956257cab07800cce,2,1,0.01,0xdf75054cd67217aee44b4f9e4ebc651c00330938,0.0040143496442343,2022-12-13,2022-12-13
0x34540d764f5b82272ba28ba2909ee2bbe57fe62b,2,1,0.01,0xdf75054cd67217aee44b4f9e4ebc651c00330938,0.0082973027654316,2022-12-20,2022-12-20
0xb3fda948957b0cab090c18ddfb2f983084f4a5fd,3,3,0.022,0xdf75054cd67217aee44b4f9e4ebc651c00330938,0.0011270012126706,2021-12-04,2022-12-20
0x014f398145bca0862adfa3eef24730c548d437ae,5,3,0.01,0xdf75054cd67217aee44b4f9e4ebc651c00330938,0.0045641264742271,2021-04-09,2022-12-16
0xe9162a7883c9c90cefa646ac5f8d9c399ac23a67,7,3,0.1,0xdf75054cd67217aee44b4f9e4ebc651c00330938,0.0039775353405018,2022-11-30,2022-12-19
0x387cea830733b03c9bb7569e4c8e3439e2b750e8,3,3,0.022,0xdf75054cd67217aee44b4f9e4ebc651c00330938,0.0011113795073686,2021-12-04,2022-12-20
0x6a075f8208f4e7dd26ffce00df70ca1db5d599f5,2,1,0.0046,0xdf75054cd67217aee44b4f9e4ebc651c00330938,0.0019448338099254,2022-12-14,2022-12-14
0xaf89cae205e4eafd72f5f65ccc5beb0e8a6ae691,2,2,0.01,0xdf75054cd67217aee44b4f9e4ebc651c00330938,0.0057809018949193,2021-01-12,2022-12-21
0x00a789996ec5fa1236e9049450773787a6757ef0,4,3,0.025,0xdf75054cd67217aee44b4f9e4ebc651c00330938,0.001680368299755,2021-12-04,2022-12-20
0xa69722d7ca9e1c4c2aad598f885a0293f9c03183,7,3,0.11,0xdf75054cd67217aee44b4f9e4ebc651c00330938,0.0019412209926558,2022-11-30,2022-12-19
0xff9082a799db9d94566ed6e61ed5f009d29fcb83,5,3,0.0788233666441514,0x99c9fc46f92e8a1c0dec1b1747d010903e884be1,0.0014070869221375,2022-12-10,2022-12-20
0x4cde739c56dff5d38ee8a597c2d425ad06270bdf,5,3,1.06,0xdf75054cd67217aee44b4f9e4ebc651c00330938,0.1264278097541703,2022-12-07,2022-12-20
0x1e34f8cbea60b27f4fcc2d21a3479fe78a25baba,4,3,0.71930616,0xdf75054cd67217aee44b4f9e4ebc651c00330938,0.000717163,2021-12-12,2022-12-20
0xe90315ab8188424b3f05da83f77b4f8edb46b0c1,2,2,0.01,0xdf75054cd67217aee44b4f9e4ebc651c00330938,0.0061638182740179,2021-01-13,2022-12-21
0x3fafab68bac2f4099c5cec7278f70c0f1535a7a3,2,1,0.008,0xdf75054cd67217aee44b4f9e4ebc651c00330938,0.0024356566626294,2022-12-19,2022-12-19
0x78761b53f37e2526e3cd76449c91d78647565832,4,3,0.025,0xdf75054cd67217aee44b4f9e4ebc651c00330938,0.0013533769686689,2021-12-04,2022-12-20
0xd4af8b0c8283059ca0f33d1a2e84b99edc65333c,3,3,0.022,0xdf75054cd67217aee44b4f9e4ebc651c00330938,0.0013350129896369,2021-12-04,2022-12-20
0x2e48c5e0f9ffeb25a92ccd67600141762f9e1fdb,4,3,0.0,0xdf75054cd67217aee44b4f9e4ebc651c00330938,0.0051443913296506,2020-12-16,2022-12-21
0xade8ea2b6331e99f66be67a84fd66ffd6b2efbe3,2,1,0.013375,0xdf75054cd67217aee44b4f9e4ebc651c00330938,0.0118425980475527,2022-12-13,2022-12-13
0xa2555ed7f7e7fb29501f780fc4ef0fbf4fab98a9,4,2,0.01999,0xdf75054cd67217aee44b4f9e4ebc651c00330938,0.0095105165913253,2022-12-11,2022-12-20
0x14ec839539aa5248171e83ed7921b629da0a96d5,5,2,0.0,0xdf75054cd67217aee44b4f9e4ebc651c00330938,0.0038176091489038,2022-10-28,2022-12-19
0xeaa5da6f5a9dfc4e97866a1d0adcff1801278922,6,3,0.114232,0x4dbd4fc535ac27206064b68ffcf827b0a60bab3f,0.0020786110221866,2022-12-01,2022-12-10
0x13f293039399e7ba14d8a9be1e9c2a2d87249db4,2,1,0.0042151407857022,0xdf75054cd67217aee44b4f9e4ebc651c00330938,0.0020199813471764,2022-12-19,2022-12-19
0x771b320d858257f669727bcae880d9cc5d41d58d,8,3,0.05,0xdf75054cd67217aee44b4f9e4ebc651c00330938,0.0234531105484085,2022-11-24,2022-12-20
0xb04406d9d980574936e502b876fba98b95dcab43,3,2,0.01615007,0x892236aa927389c227e99a9487e7526b719cf64a,0.0,2022-12-21,2022-12-22
0x4b29fe67d789da9b83e26a2e98c7243f73389abc,2,1,0.014999,0xdf75054cd67217aee44b4f9e4ebc651c00330938,0.0137149528262382,2022-12-13,2022-12-13
0xc32cd9861a1508749ed2772d1871aa55ad0ce398,2,1,0.005,0xdf75054cd67217aee44b4f9e4ebc651c00330938,0.0031146398929314,2022-12-14,2022-12-14
0xfadcd0763b54952bdc1651e9ed0f54140d4e4bc7,8,3,0.051200000000009,0xdf75054cd67217aee44b4f9e4ebc651c00330938,0.0012202070250744,2022-12-05,2022-12-20
0x5852a3a24bc9be63c20939ae95a1a0a304a21d5c,4,2,0.013472,0xff1f2b4adb9df6fc8eafecdcbf96a2b351680455,0.0014875253427515,2022-12-19,2022-12-20
0x33c6341abc04db4e3d334eb688bab10a7147f048,3,2,0.03878,0xdf75054cd67217aee44b4f9e4ebc651c00330938,0.0016907436164609,2022-11-29,2022-12-20
0x0fbe83b361833b850fe8a2d869760fca9faff15f,4,2,0.0020546590861427,0xdf75054cd67217aee44b4f9e4ebc651c00330938,0.0015723848985009,2022-12-04,2022-12-20
0xa390c8108e969d73d04d67b53f3b1f0348e5ea06,3,3,0.022,0xdf75054cd67217aee44b4f9e4ebc651c00330938,0.0011917945172709,2021-12-04,2022-12-20
0x96fab30580a2b10ca48e949daa9880707d53a500,8,3,0.1045,0xdf75054cd67217aee44b4f9e4ebc651c00330938,0.0041643755093742,2022-10-27,2022-12-20
0xfa668d715b84282da097838f6e11f748db43e6cd,3,2,0.01613766,0xdf75054cd67217aee44b4f9e4ebc651c00330938,0.0003740763240306,2022-11-20,2022-12-21
0x4a3e96c39675dd100f5ba21d64fe135b71cdcee9,2,1,0.015558,0xdf75054cd67217aee44b4f9e4ebc651c00330938,0.01389155,2022-12-12,2022-12-12
0x15e3b73bc306d3fe84b1ae2aae24de4672474369,2,1,0.01,0xdf75054cd67217aee44b4f9e4ebc651c00330938,0.0071216398394569,2022-12-13,2022-12-13
0x138d505f1c15bbda6e5935bf3acf93b9d2dbad7b,4,1,0.61070048,0x4dbd4fc535ac27206064b68ffcf827b0a60bab3f,0.0541192037278568,2022-12-21,2022-12-21
0xbb9c3761e7e8555a5a8f0983324dc63dc2bdf540,5,3,0.0177135,0xdf75054cd67217aee44b4f9e4ebc651c00330938,0.0004973418839029,2022-10-31,2022-12-21
0x04be1ba8d27863dc563d04905cb7638666b031e4,2,1,0.007,0xdf75054cd67217aee44b4f9e4ebc651c00330938,0.0008910204181027,2022-12-16,2022-12-16
0x0a619983d7e4818118b199398efd69d501107e50,4,1,0.028171950323395,0x892236aa927389c227e99a9487e7526b719cf64a,0.0,2022-12-16,2022-12-16
0xafeb4eb97997ef4e65e2da624390fa57c3dacb4d,4,3,0.0,0xdf75054cd67217aee44b4f9e4ebc651c00330938,0.0053453281551877,2020-12-16,2022-12-21
0x8068fa8ec870c933ae3891eedbf201c8e5403282,4,3,0.0167425663005625,0xdc40da69bc18872923cb0ad784d5d18d4b65f6fc,2.8189160344787e-05,2022-11-24,2022-12-28
0x7f0f1eecbc28e01ed5f414126ba2cd6c0ee63f82,7,3,0.11,0xdf75054cd67217aee44b4f9e4ebc651c00330938,0.0024543720432048,2022-11-30,2022-12-19
0x08fe3b1490307637dcde89ef2e521808169c585e,7,3,0.11,0xdf75054cd67217aee44b4f9e4ebc651c00330938,0.0017947655613357,2022-11-30,2022-12-19
0x3f7b51ce80a1be7024d19fae4779474332efb2e5,2,1,0.01,0xdf75054cd67217aee44b4f9e4ebc651c00330938,0.0049530655044969,2022-12-13,2022-12-13
0x27411ce85115e6b925e155cee03885654522e91b,8,3,0.081232,0x4dbd4fc535ac27206064b68ffcf827b0a60bab3f,0.0021474099717125,2022-11-27,2022-12-10
0x25e20023ed864a554759559b90c446e911f6d3f4,3,2,0.02,0xdf75054cd67217aee44b4f9e4ebc651c00330938,0.0004759529733179,2022-12-12,2022-12-20
0x0283b24c17e08cd1f5c7971d4de6a1b39a0b0456,3,2,0.005,0x0283b24c17e08cd1f5c7971d4de6a1b39a0b0456,0.0257517979173805,2022-12-14,2022-12-17
0xe2f3f189c7473c1b7b831bf5cfe3d7b70f6c3230,2,2,0.009916000000009,0xdf75054cd67217aee44b4f9e4ebc651c00330938,0.0009731719168837,2022-12-19,2022-12-20
0x160e9500acd050b12e4df0db3e6a0c531bedebeb,6,3,0.2,0xdf75054cd67217aee44b4f9e4ebc651c00330938,0.0731151169017045,2022-12-06,2022-12-20
0x33ed08213a11219074273ed58767f62a5cfe9376,4,3,0.001,0xdf75054cd67217aee44b4f9e4ebc651c00330938,0.0025033725499373,2022-09-23,2022-12-21
0x3566f24a6cc23aa083e85b804e756adf1baf7325,3,2,0.0,0xdf75054cd67217aee44b4f9e4ebc651c00330938,0.0019153554053472,2022-10-28,2022-12-19
0x2b0c7f7b531a36a485ef662d10370659c8f3d24d,6,3,0.11,0xdf75054cd67217aee44b4f9e4ebc651c00330938,0.0023652492614126,2022-11-30,2022-12-19
0xd6d3de9a2221f7b44ac2b1b57d83ad4579b1b74a,3,2,0.01441676,0xdf75054cd67217aee44b4f9e4ebc651c00330938,0.0078174592668141,2022-11-12,2022-12-20
0x8a3c72e2728ba5d77c10d364b09642b88806937b,3,3,0.022,0xdf75054cd67217aee44b4f9e4ebc651c00330938,0.0012428576383189,2021-12-04,2022-12-20
0x951321e7120db7a91d244d7c1cd77228b7209b75,2,1,0.0315,0xdf75054cd67217aee44b4f9e4ebc651c00330938,0.0006420748850808,2022-12-20,2022-12-20
0xeea5925b4a202df4ba4b6f099fc2d7e0bfb58d2c,5,3,6.359,0xdf75054cd67217aee44b4f9e4ebc651c00330938,3.325525590458914,2022-12-05,2022-12-20
0xbe256c9b3537aed487f706d3fb9eab527453a02b,3,3,0.078232,0xdf75054cd67217aee44b4f9e4ebc651c00330938,0.0291364774143922,2022-12-01,2022-12-20
0x187ee3f327c5c6a1ed81f41219da1a5d4d182f22,3,2,0.01499,0xdf75054cd67217aee44b4f9e4ebc651c00330938,0.010607195322044,2022-06-18,2022-12-20
0xcfa4bf8368ccebc66045183cff82d8346a65f8ab,2,1,0.008,0xdf75054cd67217aee44b4f9e4ebc651c00330938,0.002489577188599,2022-12-19,2022-12-19
0x964c346a4f73d9dab12e8031b276228f23178869,6,3,0.0212,0x4dbd4fc535ac27206064b68ffcf827b0a60bab3f,0.0190430701498648,2022-12-20,2022-12-22
0xadecd5da31d9ccb15e0425a3cd9c0a32beb6c2e1,4,3,0.0487462,0xdf75054cd67217aee44b4f9e4ebc651c00330938,0.0038560194484396,2021-11-30,2022-12-16
0xf629db59fc226f5499e26d85e08c82414c35d54d,4,3,2.2496016,0xdf75054cd67217aee44b4f9e4ebc651c00330938,1.78988250355,2022-12-10,2022-12-20
0x29d04bebad9dce30022b2bd62ef95c03d939e19b,4,3,0.025,0xdf75054cd67217aee44b4f9e4ebc651c00330938,0.0015788439884782,2021-12-04,2022-12-20
0x36f5de7063851bcad499f35469d04147b40cc138,5,3,0.12,0x44e94034afce2dd3cd5eb62528f239686fc8f162,0.111717970225307,2022-12-15,2022-12-23
0xe0459da14bae1f5e6fab63d6e93576353b0bb4a3,2,1,0.005,0xdf75054cd67217aee44b4f9e4ebc651c00330938,0.0011565081393502,2022-12-14,2022-12-14
0x7ffa011ef6b522b8ea7999cd0ebedef013f306d0,4,2,0.01,0xdf75054cd67217aee44b4f9e4ebc651c00330938,0.0033355402194842,2022-11-30,2022-12-21
0x4831c343ac5181cc8dbcacb217aa93e2d798ef7f,4,2,0.0,0xdf75054cd67217aee44b4f9e4ebc651c00330938,0.0045892612322356,2022-10-28,2022-12-19
0x7ff91d4cd9d9cd101c30df6e13805882e4e1d8d6,4,2,0.01172895,0xa0b86991c6218b36c1d19d4a2e9eb0ce3606eb48,0.0427065597801597,2022-12-20,2022-12-29
0xbfe908c6034c69d15debc2cacba98af8ff17cd16,2,2,0.01,0xdf75054cd67217aee44b4f9e4ebc651c00330938,0.0062480696075946,2021-01-12,2022-12-21
0x225d4a2ac8039a05fbc843558faa8aa806248474,4,3,0.0,0xdf75054cd67217aee44b4f9e4ebc651c00330938,0.0044315351017863,2020-12-16,2022-12-21
0xf25f7b0680df04912004628092e60c026c920819,3,3,0.022,0xdf75054cd67217aee44b4f9e4ebc651c00330938,0.00108349113908,2021-12-04,2022-12-20
0xb728eb1e6563eda1e647e17c9c86594b89f5ad52,2,2,0.005,0xdf75054cd67217aee44b4f9e4ebc651c00330938,0.0001567051583069,2022-12-14,2022-12-16
0x3a4be70e81c6e22d2a47a9d5f420dc187fcdf331,5,3,0.0208,0x4dbd4fc535ac27206064b68ffcf827b0a60bab3f,0.0795509011482873,2022-12-19,2022-12-21
0xb7f400e3b155f785c7cc865268539b60be84661f,2,1,0.0042217249968337,0xdf75054cd67217aee44b4f9e4ebc651c00330938,0.0020374807208846,2022-12-19,2022-12-19
0xc7ab41f2513596d398e5e6e38acc68193c8ae9cd,7,3,0.11,0xdf75054cd67217aee44b4f9e4ebc651c00330938,0.0013315810551797,2022-11-30,2022-12-19
0xd87846a087fd59ea985d7e00b202d121e162982d,6,2,0.114832,0x4dbd4fc535ac27206064b68ffcf827b0a60bab3f,0.0047873847069273,2022-12-01,2022-12-10
0x66b4b033b2a5b612ec59e02b4dcbdeccd8dd0f93,6,1,0.108032,0x65ce9662f2c3785281cd5262ea1f96bb0ed0b0c2,0.000143184037878,2022-12-19,2022-12-19
0x6796d8726d4db81ee5cc04549c32126a097e20fd,7,3,0.11,0xdf75054cd67217aee44b4f9e4ebc651c00330938,0.001747737401278,2022-11-30,2022-12-19
0x9d8942d2fb4a8b993e66c0ac9c77713f00fbc392,6,3,0.11,0xdf75054cd67217aee44b4f9e4ebc651c00330938,0.0011162832886366,2022-11-30,2022-12-19
0xdfc37feb54a0f798c63bb7cd4a19e164f4f41864,2,1,0.015321,0xdf75054cd67217aee44b4f9e4ebc651c00330938,0.013462215,2022-12-12,2022-12-12
0x208dfb32a9c505886e3ec9aa1a38210cc8172385,3,3,0.078232,0xdf75054cd67217aee44b4f9e4ebc651c00330938,0.0290366874417096,2022-12-01,2022-12-20
0xf8d5e97d93dd6e62530dfd388742a8718302d0ca,6,2,0.121232,0x4dbd4fc535ac27206064b68ffcf827b0a60bab3f,0.003849728096927,2022-12-01,2022-12-10
0x2d5f3226192f432085e101cbd378b05285f49683,2,2,0.01,0xdf75054cd67217aee44b4f9e4ebc651c00330938,0.0062507215468566,2021-01-12,2022-12-21
0x27b6a42fea195989d99aa3f44d6e6d9392e64058,4,3,0.025,0xdf75054cd67217aee44b4f9e4ebc651c00330938,0.0024234317906389,2021-12-04,2022-12-20
0x501417a83cfdb1f85bab6c646f4378fb88f17a7a,6,2,0.768032,0xdf75054cd67217aee44b4f9e4ebc651c00330938,0.0079582791614165,2022-10-27,2022-12-21
0x9afbd3a93f3046b217c6df9db65cb14aa8e5da46,6,3,0.051200000000009,0xdf75054cd67217aee44b4f9e4ebc651c00330938,0.0010687116349571,2022-12-05,2022-12-20
0xe2a2918f80937a8327773ef3404924d90c13b723,7,3,0.41257338,0x68b3465833fb72a70ecdf485e0e4c7bd8665fc45,0.0047748104456143,2022-11-18,2022-12-20
0xad2840fab5965941cfe15d8ebaab3b7380c9bce4,5,3,0.0,0xdf75054cd67217aee44b4f9e4ebc651c00330938,0.002050327104763,2020-12-16,2022-12-21
0x33bcbe1438566f0314fdfa6be5ab140022263620,2,1,0.0136,0xdf75054cd67217aee44b4f9e4ebc651c00330938,0.01205678,2022-12-13,2022-12-13
0xafdf9aca600a4bc546cfebc8c3ff2890518ebed8,2,1,0.00206,0xdf75054cd67217aee44b4f9e4ebc651c00330938,0.0009797726903435,2022-12-20,2022-12-20
0x6b3bcd5d091d090778f84a0328aa2682ce9f28e1,3,3,0.022,0xdf75054cd67217aee44b4f9e4ebc651c00330938,0.0013444295896973,2021-12-04,2022-12-20
0xe7ca76bb8d0338021b68821af8e223c34bf41bb2,4,3,0.0,0xdf75054cd67217aee44b4f9e4ebc651c00330938,0.0047093610830181,2020-12-16,2022-12-21
0x6e08e1c37433bfcb15c2b1886fc2297b3ac85808,5,3,0.41251473,0xdf75054cd67217aee44b4f9e4ebc651c00330938,0.0097078750270961,2022-11-18,2022-12-21
0xc5defaf1ef9ff87fb8688e547c387752f88b35a9,4,2,0.0,0xdf75054cd67217aee44b4f9e4ebc651c00330938,0.006157282684091,2022-10-28,2022-12-19
0xd5c0c49d0de8e530bf8f091460605ed9bfbb1c45,2,1,0.02472,0xdf75054cd67217aee44b4f9e4ebc651c00330938,0.0135014051621154,2022-12-19,2022-12-19
0x462b32e40ebdd93d6510655578e9857fa9b85099,2,1,0.00999,0xdf75054cd67217aee44b4f9e4ebc651c00330938,0.0078759347621627,2022-12-20,2022-12-20
0xb8cf927212f875f7c3f24888b96083e75f44a9ed,2,2,0.01,0xdf75054cd67217aee44b4f9e4ebc651c00330938,0.0061357108618334,2021-01-12,2022-12-21
0xe46eb6d93e2fa563aab9c841e4e17647685c4ca9,3,3,0.078232,0xdf75054cd67217aee44b4f9e4ebc651c00330938,0.0292390923255297,2022-12-01,2022-12-20
0x454c0d9b02a6dec6a2537ea387912070dbd41b4b,2,1,0.005,0xdf75054cd67217aee44b4f9e4ebc651c00330938,0.0001841213985159,2022-12-14,2022-12-14
0x8af164964f6697bc3f1eda284184cbed4d17e43f,3,3,0.022,0xdf75054cd67217aee44b4f9e4ebc651c00330938,0.0013043978749776,2021-12-04,2022-12-20
0x5f11820dc1b8f707963b60dcea75583c670f2138,2,1,0.008,0xdf75054cd67217aee44b4f9e4ebc651c00330938,0.0025152005765337,2022-12-19,2022-12-19
0x768202f14559949a4a4d3c67d7bcfdc8b5866601,4,3,0.04998,0xdf75054cd67217aee44b4f9e4ebc651c00330938,0.0445805786680647,2022-12-05,2022-12-20
0xa88f0da60241cfcf3c5b5ca080a670662e1a3a17,1,1,0.07656,0xa88f0da60241cfcf3c5b5ca080a670662e1a3a17,0.0054610872357854,2022-07-12,2022-07-12
0x1facc2a31ee32ef79c0fbe1a7f6e5e8fffc9f069,4,3,0.0,0xdf75054cd67217aee44b4f9e4ebc651c00330938,0.0053964117113979,2020-12-16,2022-12-21
0xad47111bcb9cfe6c1728653f20b350d141cb1b60,6,2,0.123632,0x4dbd4fc535ac27206064b68ffcf827b0a60bab3f,0.0034858073448661,2022-12-01,2022-12-10
0xfc58bd269d2da5407c7aefa8a145c46a681f4787,3,3,0.022,0xdf75054cd67217aee44b4f9e4ebc651c00330938,0.0013224782818229,2021-12-04,2022-12-20
0xcdd4ba1cf9bc283dcf7e96de3dcf8fa9bab05500,4,3,0.009032,0xd5b3ed21147e3fd3f4778eaddd1b8602581fd88d,0.0011296279688848,2022-12-14,2022-12-26
0xd8cb720631ad1809dd46d4d6233410be049fbe88,2,1,0.01,0xdf75054cd67217aee44b4f9e4ebc651c00330938,0.0071411867691205,2022-12-20,2022-12-20
0x0ea45f053867afa840eb0d4011f4b7ff03ad206f,4,3,0.025,0xdf75054cd67217aee44b4f9e4ebc651c00330938,0.0014146216531921,2021-12-04,2022-12-20
0x82260d7fcdd09eb843e91ec5c216d65d7b1a9a70,2,1,0.007,0xdf75054cd67217aee44b4f9e4ebc651c00330938,0.0009281078842079,2022-12-16,2022-12-16
0x6a8620c741eb932df5b8e23817250f29072f22bd,2,1,0.008843816813119,0xdf75054cd67217aee44b4f9e4ebc651c00330938,0.001234530189033,2022-12-20,2022-12-20
0xe637d06a6bf1853eec159d2f71963d44fe65105d,8,3,0.17,0xcd114ebb9c8eabaa2026160ccae56a6bd4103042,0.000145075591206,2022-12-19,2022-12-29
0x5a071ba1181e280845eec8fe4f8d2bf7054bf319,4,2,0.004,0x5a071ba1181e280845eec8fe4f8d2bf7054bf319,0.0043312304016302,2022-12-04,2022-12-20
0x675e1c27021b55a37ba4dfce3133044654ab0bc5,10,3,0.045232,0x80c67432656d59144ceff962e8faf8926599bcf8,0.0042953418957288,2022-12-20,2022-12-31
0x692b5eec04cb001b7235aa0e58eb2b56ee77303f,3,3,1.795,0xdf75054cd67217aee44b4f9e4ebc651c00330938,0.0315682222055783,2022-12-10,2022-12-20
0x72827f2ae094b0ebf41827e6864c3ddc3f663dcd,10,3,0.196,0xdf75054cd67217aee44b4f9e4ebc651c00330938,0.0090738513178757,2022-11-30,2022-12-19
0x901621fe6a9a679bc1477e47176ca27536d12916,5,3,0.1076,0xdb555ff087d5f59c9e6e37e02cde799316045a04,0.0123426818033594,2022-11-12,2022-12-20
0xe730c994287cdb0e1935997c7753103b6de6d9f3,3,1,0.01263703,0xf6e7f32657d9b0382c68378c3e7f1bee56e7589d,0.0012766321767643,2022-12-20,2022-12-20
0x06e1291fb4c7ffb2766291fe769217690c050958,3,2,0.01999,0xdf75054cd67217aee44b4f9e4ebc651c00330938,0.0018981665346878,2022-11-29,2022-12-20
0x9cf9848953dd9a5bc9877846df2184620d246ac3,5,3,0.0558,0xdf75054cd67217aee44b4f9e4ebc651c00330938,0.0058646165446217,2022-12-03,2022-12-18
0x7636c265ae812bdeccc6f5f696e84a37788e0ab9,2,1,0.02,0xdf75054cd67217aee44b4f9e4ebc651c00330938,0.0001475630597357,2022-12-20,2022-12-20
0xead2d3cde67de62d22b46407dd05a40250da9180,4,3,0.025,0xdf75054cd67217aee44b4f9e4ebc651c00330938,0.0016576339803632,2021-12-04,2022-12-20
0x3429a24eb4cccb9c3b56cb9000a45bbdc25e2530,2,1,0.01,0xdf75054cd67217aee44b4f9e4ebc651c00330938,0.0079196648706711,2022-12-20,2022-12-20
0x726f49efb58a5545656931dd0c73e94fa4f11356,4,3,0.163332,0xdf75054cd67217aee44b4f9e4ebc651c00330938,0.0007816538711635,2022-11-28,2022-12-14
0xfdb68d0007c5cb8c84c785939a9ae2f757dcfd86,6,2,0.114832,0x4dbd4fc535ac27206064b68ffcf827b0a60bab3f,0.0021731053214774,2022-12-01,2022-12-10
0x27dd589de020cd13c04910b697c939bffac2314b,5,3,0.01499,0xdf75054cd67217aee44b4f9e4ebc651c00330938,0.0097442689451603,2022-06-18,2022-12-20
0x8459ac549d98c59e27d7aa7af11ca0a5b42d6ebe,3,2,0.2,0xdf75054cd67217aee44b4f9e4ebc651c00330938,0.0070135638470528,2022-12-04,2022-12-20
0x564c5eb3037872d7fb4ee917d24294a5f71776d6,7,3,0.46538753215216,0xdf75054cd67217aee44b4f9e4ebc651c00330938,9.2392582190752e-05,2022-11-22,2022-12-18
0x50900495b29e8301e477163d5ffd925178805c5b,2,1,0.007,0xdf75054cd67217aee44b4f9e4ebc651c00330938,0.0009155116946892,2022-12-16,2022-12-16
0xc162a75fde80cd2c5bc72c3f1a1b03897f699a1c,2,1,0.008,0xdf75054cd67217aee44b4f9e4ebc651c00330938,0.0026862312208925,2022-12-19,2022-12-19
0x627f4478adb8cdb6fb38c03c18baf26d394f818a,2,1,0.003,0xdf75054cd67217aee44b4f9e4ebc651c00330938,0.0021468126019525,2022-12-20,2022-12-20
0x8e5e17e09cc2c04e8ef2536f6f79b8595e4de185,4,3,0.00499,0xc02aaa39b223fe8d0a0e5c4f27ead9083c756cc2,0.0009188742985871,2022-12-20,2022-12-22
0x35208f7853a58cd0d5d0aa69664abf830b43bc4d,2,1,0.008,0xdf75054cd67217aee44b4f9e4ebc651c00330938,0.0026850563785991,2022-12-19,2022-12-19
0x24aa092fda89ab8c8b8badd30611c6b763c5a940,6,2,0.118132,0x4dbd4fc535ac27206064b68ffcf827b0a60bab3f,0.0022319550437046,2022-12-02,2022-12-10
0x3259d6c027b848c5cc91d7995a1d60ff436a0722,2,1,0.007,0xdf75054cd67217aee44b4f9e4ebc651c00330938,0.000795595685632,2022-12-16,2022-12-16
0xb8f674fe923ea85c4a5007646c126637331430a5,6,2,0.115792,0x4dbd4fc535ac27206064b68ffcf827b0a60bab3f,0.0037476743438004,2022-12-01,2022-12-10
0x0950d142452a133210a8d9c6d6769437f2538383,6,3,4.820503,0xdf75054cd67217aee44b4f9e4ebc651c00330938,0.5993297157683262,2022-12-10,2022-12-21
0x37a584e58648f5ac884d346e20073ec58bbf94f6,2,2,0.01,0xdf75054cd67217aee44b4f9e4ebc651c00330938,0.0064340201159367,2021-01-13,2022-12-21
0x7a589ab6ab8ab1b35a9044e7ab0e96a79dffaa68,2,1,0.0315,0xdf75054cd67217aee44b4f9e4ebc651c00330938,0.0007764032797145,2022-12-21,2022-12-21
0xf0b1586f8f79d6528bab213f5a486987390fb8b2,2,1,0.01,0xdf75054cd67217aee44b4f9e4ebc651c00330938,0.0069818533124236,2022-12-13,2022-12-13
0xe0e6d2a98ace8dafa38426647fbdc8096bfdddff,10,3,0.035007,0xb3dc38aeb9aef51876bbd56003ae44f25cc9016e,0.0010588571264515,2022-12-01,2022-12-21
0x60c35a9adc00e0df793114ec048ab600d8951efc,4,3,0.025,0xdf75054cd67217aee44b4f9e4ebc651c00330938,0.0012569377369976,2021-12-04,2022-12-20
0x9e84d9901f4bfcfbe3075a22cb57c15f3c03f4cf,2,1,0.011,0xdf75054cd67217aee44b4f9e4ebc651c00330938,0.0092965082811353,2022-12-21,2022-12-21
0x6961959fc1caee525ef2c43e508637100029931d,3,2,0.01499,0xdf75054cd67217aee44b4f9e4ebc651c00330938,0.0106584511771061,2022-06-18,2022-12-20
0x93eb066074d49c2782a0dae5a83512cdd9fcf3e8,4,2,0.00177252,0xdf75054cd67217aee44b4f9e4ebc651c00330938,0.0011964966086928,2022-12-05,2022-12-20
0x9be3ae64dbdb3b5727f2447e2260f8e431e3f134,2,1,0.002,0xdf75054cd67217aee44b4f9e4ebc651c00330938,0.0010301506771964,2022-12-20,2022-12-20
0xc491c4c913a23675a56f52ac76a7bc9bc0fb5f8c,7,3,0.0115,0xda3352323684454783c4fe9cdc7883ec04c44062,0.0002196164710245,2022-12-09,2022-12-20
0x30a5e9bb06461055cbd1533292426dab0ee4fbb3,3,2,0.005,0xd8d2e9bc3047db7080f12890de15fbfa1e420d37,0.0,2022-12-17,2022-12-18
0x0ef4ad1e36c6631783c49babf2bd0bbb5f92dbe9,3,2,0.0,0xdf75054cd67217aee44b4f9e4ebc651c00330938,0.0037675725003043,2022-10-28,2022-12-19
0x1273bcf30d427ac7dbfed5c7a12001e0dd1df1c6,2,1,0.007,0xdf75054cd67217aee44b4f9e4ebc651c00330938,0.000908722728799,2022-12-16,2022-12-16
0x4c3b6ddb6a34a308083e90ba44638e582a29bf29,2,1,0.005,0xdf75054cd67217aee44b4f9e4ebc651c00330938,0.0004190199967284,2022-12-14,2022-12-14
0x5ff13e8cc7e99102f73e2094b9b741da6edb064e,6,3,0.119132,0xdf75054cd67217aee44b4f9e4ebc651c00330938,0.0038460821544543,2022-12-02,2022-12-10
0x839e02a24374edbbcbba57fd028197c73484289f,2,1,0.014226,0xdf75054cd67217aee44b4f9e4ebc651c00330938,0.012803288,2022-12-13,2022-12-13
0x446b4246aef9f9d7b7d75c239d0068c8cb464e32,2,2,0.01,0xdf75054cd67217aee44b4f9e4ebc651c00330938,0.006334049476603,2021-01-13,2022-12-21
0xcf3b64b263e8f838c7ad677455db70c400e29742,2,1,0.0214,0xdf75054cd67217aee44b4f9e4ebc651c00330938,0.0004920995313817,2022-12-20,2022-12-20
0x2abad5e61e56476b5c9cef95ea3d8f00ad7f5ed0,8,1,0.062,0xe95fd76cf16008c12ff3b3a937cb16cd9cc20284,0.0033638418219663,2022-12-14,2022-12-14
0x754f0605d6775467a3b7db57183beb923aba9a03,6,2,0.767932,0xdf75054cd67217aee44b4f9e4ebc651c00330938,0.0077105882138141,2022-10-28,2022-12-21
0x22e09b5ec498067956bc32b57a5f9af55b7b1ead,10,2,0.11,0x07baa18a3bf3131d96b32cfb548c2877c97e6fde,9.8216262375e-05,2022-12-14,2022-12-21
0x33ddaaf6acd3efd067b4cff914eab2ac550a1cb1,4,2,0.078232,0xdf75054cd67217aee44b4f9e4ebc651c00330938,0.0011352924983081,2022-11-30,2022-12-20
0x4620eb2225b7caf9fdf99ba778fb0ee5e4da48a0,2,1,0.015917,0xdf75054cd67217aee44b4f9e4ebc651c00330938,0.01426215,2022-12-12,2022-12-12
0x878ee9ba601f5b64dc02e699f76d827c856b4a97,3,3,0.022,0xdf75054cd67217aee44b4f9e4ebc651c00330938,0.0020304911544851,2021-12-04,2022-12-20
0xfbb8282a79d98fd97897908024667eb6f2c78f89,3,3,0.022,0xdf75054cd67217aee44b4f9e4ebc651c00330938,0.0011371358275397,2021-12-04,2022-12-20
0xdd699b0e62626aad4d81505d94f4328875884dca,3,3,0.078232,0xdf75054cd67217aee44b4f9e4ebc651c00330938,0.0293874870468971,2022-12-01,2022-12-20
0x87827d2f1285dc252c7a7a064e1cf3589637f29e,8,3,0.0075,0x4dbd4fc535ac27206064b68ffcf827b0a60bab3f,0.0045103508466262,2022-06-27,2022-12-11
0xb15b83dc9e1e9f03862694103bff54b1a8d7b928,4,1,0.0152,0xdf75054cd67217aee44b4f9e4ebc651c00330938,0.0129311971876381,2022-12-13,2022-12-13
0x474df97bb00a3e9b391f64e0b865e614bf1cf49f,2,2,0.01,0xdf75054cd67217aee44b4f9e4ebc651c00330938,0.0058592580726209,2021-01-12,2022-12-21
0xbbe2352308d502f664453086b01f9758d749f6e6,2,1,0.0214,0xdf75054cd67217aee44b4f9e4ebc651c00330938,0.0002286911771538,2022-12-20,2022-12-20
0xef4a52d5483049b37cb883539d1b380eed80a598,7,3,0.09997,0xdf75054cd67217aee44b4f9e4ebc651c00330938,0.0010343887513308,2022-12-04,2022-12-20
0xfa7381e6539826bcd9c0b645b7625074cf75dd34,2,2,0.01,0xdf75054cd67217aee44b4f9e4ebc651c00330938,0.0060842760529087,2021-01-12,2022-12-21
0x8980ecf6f3c5d688fa660a721df4b61904ce3b40,4,3,0.0,0xdf75054cd67217aee44b4f9e4ebc651c00330938,0.0032426376681565,2020-12-16,2022-12-21
0x8f9ef18aefdeb19b522a2579526b2e352b49e7df,2,1,0.014783,0xdf75054cd67217aee44b4f9e4ebc651c00330938,0.01335982,2022-12-12,2022-12-12
0xe9be1d52c5bf65768aac967ff42d63172792ed81,3,3,0.022,0xdf75054cd67217aee44b4f9e4ebc651c00330938,0.0013229922694146,2021-12-04,2022-12-20
0x5fcccc9a43bf85cb1fdc6668934c095f021717e8,3,2,0.02011474,0xdf75054cd67217aee44b4f9e4ebc651c00330938,0.0150374513450034,2022-12-06,2022-12-15
0x206563e572e54d856f04f786da922bded92e6ff1,3,2,0.01499,0xdf75054cd67217aee44b4f9e4ebc651c00330938,0.0111751469917521,2022-06-18,2022-12-20
0xe62dfef208dbf1290a71a295ee91466002b420af,2,1,0.008,0xdf75054cd67217aee44b4f9e4ebc651c00330938,0.0027197761587944,2022-12-19,2022-12-19
0xf9bbbec7cd5acd763bbdc40f381204bd08833892,2,1,0.005,0xdf75054cd67217aee44b4f9e4ebc651c00330938,0.0002168379091659,2022-12-14,2022-12-14
0x44db4e1f207154d6aa370cc2fd2f8e2b9a26ec49,4,1,0.0225087,0xdf75054cd67217aee44b4f9e4ebc651c00330938,0.0047255755865154,2022-12-20,2022-12-20
0x63b8793fea4e6270d460fe83a36f816ac837ee8e,5,2,0.0,0xdf75054cd67217aee44b4f9e4ebc651c00330938,0.0036566063229863,2022-10-28,2022-12-19
0xa2af55b949acf16d56b7764493b9bc35f9f3537c,5,2,0.118,0xa2af55b949acf16d56b7764493b9bc35f9f3537c,0.0085745451234591,2022-12-03,2022-12-20
0xd2d9d44a6365b78efe743c51ac0289571a8335ef,4,3,0.01,0xdf75054cd67217aee44b4f9e4ebc651c00330938,0.0008612225745412,2022-12-04,2022-12-20
0x1aed3c15b03f213e8479dfb26c1410122f95767f,6,3,0.41176505,0xdf75054cd67217aee44b4f9e4ebc651c00330938,0.0142979816696117,2022-11-18,2022-12-20
0x0d7e9ee894c1eae385aee2f83e9ae3c100a8983d,2,1,0.005,0xdf75054cd67217aee44b4f9e4ebc651c00330938,0.0007477103792631,2022-12-14,2022-12-14
0x79c1cfb580a3132d70a2e5a7bca4fa577eed8e8f,3,3,0.022,0xdf75054cd67217aee44b4f9e4ebc651c00330938,0.0011656044206612,2021-12-04,2022-12-20
0xce9031b6e82cb3b90ebc52ad367583c933389fea,4,3,0.018,0xdf75054cd67217aee44b4f9e4ebc651c00330938,0.0001621448722743,2021-10-15,2022-12-20
0xdb55c884c5af923e3a268b316a30c508bbd52f00,5,2,0.3104364526058246,0xcf18395580923b7c7d01330b217f981c252055aa,0.0002433045065292,2021-10-19,2022-12-19
0x2a61aed74798e967e25ada1072748d1886bc1eeb,7,2,0.063663582219007,0x6742b148d14519b8d27411222234adc6f82ba2c8,9.7007095941e-05,2022-11-24,2022-12-19
0x380ada218814ba3aff264703b1411fe466275838,3,2,0.0,0xdf75054cd67217aee44b4f9e4ebc651c00330938,0.0061393238880329,2022-10-29,2022-12-19
0xf4cb44d5aadcfcbd5aac14f500720eae4e950aa1,2,1,0.0042217249968337,0xdf75054cd67217aee44b4f9e4ebc651c00330938,0.0019426734324362,2022-12-19,2022-12-19
0x7009f962d0a4bc51351d59c93b8e3f6475da802a,2,1,0.0084211944622225,0xdf75054cd67217aee44b4f9e4ebc651c00330938,0.0063008200186554,2022-12-19,2022-12-19
0xe98d3a0e12471bd9014b017a7100f2b966626d1f,5,3,0.013233,0x150f94b44927f078737562f0fcf3c95c01cc2376,0.0595530113359263,2022-12-19,2022-12-31
0xed1c353928ea4947be806b86f14eaccc92de6dcf,4,3,0.00277,0xdf75054cd67217aee44b4f9e4ebc651c00330938,0.0001867124417167,2022-07-08,2022-12-20
0xd1ba4f3a036bc7906585ef16d7e89565e5ee7f6d,4,3,0.0195,0xdf75054cd67217aee44b4f9e4ebc651c00330938,0.0001804552466124,2022-06-27,2022-12-20
0xa61e7840b9e936ae676dab56d22107a24c85685d,10,3,0.10141613,0x8ddf66c05477ac4eafc224d0a61f47d86e02f9d9,8.6193042663e-05,2022-12-10,2022-12-21
0x8ecc0903ed3d511d5c71b1df7421122944d97119,5,2,0.09,0xdf75054cd67217aee44b4f9e4ebc651c00330938,0.0258929259887039,2022-12-02,2022-12-20
0x2f10d937e75ad7854d9566cd5389d5cfcca7e76c,4,2,0.013472,0xff1f2b4adb9df6fc8eafecdcbf96a2b351680455,0.0014645312336446,2022-12-19,2022-12-20
0xf42c170b4ad3c41e22ed2dacab63897d259dd0eb,6,3,0.0,0xdf75054cd67217aee44b4f9e4ebc651c00330938,0.0022614491457568,2020-12-16,2022-12-21
0x4e324b10d5200c4c68611be47357ccdb28fc2fb4,2,2,0.009339,0xdf75054cd67217aee44b4f9e4ebc651c00330938,0.0078716581294587,2022-12-19,2022-12-21
0xe736f53197baff9253d11ae74cdc464c0a0eec47,4,3,0.04998,0xdf75054cd67217aee44b4f9e4ebc651c00330938,0.04460408478221,2022-12-05,2022-12-20
0x6415a48f6bc441090aefca3fe05c5607fe4bd4e4,3,3,0.0,0xdf75054cd67217aee44b4f9e4ebc651c00330938,0.0096969311018279,2022-12-03,2022-12-20
0x8ea6889b34e56c95cec1622640980eef49d90918,5,3,0.002771,0xdf75054cd67217aee44b4f9e4ebc651c00330938,0.0096601531249762,2022-07-08,2022-12-20
0x77ddeb2868e45cd89818a5d166249f365600c1c8,2,1,0.005,0xdf75054cd67217aee44b4f9e4ebc651c00330938,0.0010391612587463,2022-12-14,2022-12-14
0x96c101d520facba8d567ec1a0357da669f89bf63,10,3,0.1369922,0x4dbd4fc535ac27206064b68ffcf827b0a60bab3f,0.0031897028942001,2022-12-17,2022-12-21
0x4b689cdb6f968f34eadab5b00a6b4afb3f90ce69,2,2,0.005,0xdf75054cd67217aee44b4f9e4ebc651c00330938,0.0008996582722772,2022-12-14,2022-12-15
0xdc70507d662408799ed2223625a3e48be06326ff,2,1,0.0059323542123952,0xdf75054cd67217aee44b4f9e4ebc651c00330938,0.0036206579855094,2022-12-19,2022-12-19
0x5eb503968dad672107d556693ed2e365fea9bbdf,3,3,0.022,0xdf75054cd67217aee44b4f9e4ebc651c00330938,0.0013911136577088,2021-12-04,2022-12-20
0xf8ac8a410e943a4ed777f94eb62ab5f2b8fe77b5,2,1,0.0071,0xdf75054cd67217aee44b4f9e4ebc651c00330938,0.0013416571637517,2022-12-20,2022-12-20
0x3b43daf0367da07644b8ddf273c65db199f4f17b,3,2,0.0,0xdf75054cd67217aee44b4f9e4ebc651c00330938,0.0045544404809681,2022-10-28,2022-12-19
0x9aea231fbcd2598ff227643013181925508c9b0e,6,3,0.051200000000009,0xdf75054cd67217aee44b4f9e4ebc651c00330938,0.0009289675402799,2022-12-05,2022-12-20
0xc71b6bc4dd546397e1e0dd877ea20df43d8051bc,2,1,0.0356154851430783,0xdf75054cd67217aee44b4f9e4ebc651c00330938,0.0008684865520936,2022-12-21,2022-12-21
0xa6c0a22dbef0ebcfa5e35653d62c86d12757372c,2,1,0.01,0xdf75054cd67217aee44b4f9e4ebc651c00330938,0.0083546365374159,2022-12-20,2022-12-20
0x6af187a825a463720628ffd758be18693bcf2264,6,2,0.0020097781861136,0x61e91944afbd67c79429935bedbb762ebb04cad7,0.0089397172618488,2022-12-20,2022-12-24
0x11324424f7c6a9a87f70490e28e6b0fd7ce8ff67,2,1,0.007,0xdf75054cd67217aee44b4f9e4ebc651c00330938,0.0052050603998838,2022-12-20,2022-12-20
0xf313f560f473886275c4f9bbc02a49cb13ae5df2,5,3,0.54451593,0x0b9857ae2d4a3dbe74ffe1d7df045bb7f96e4840,0.5298472491821896,2022-12-17,2022-12-27
0x85e69d4872cd61b570a7098922d38f2e2fde64fc,2,1,0.1,0xdf75054cd67217aee44b4f9e4ebc651c00330938,0.097749350705985,2022-12-12,2022-12-12
0x3e82dd281d99ab3b82292cfe2d0a5022d88989f1,5,2,1.053797,0xdf75054cd67217aee44b4f9e4ebc651c00330938,0.0002220466763588,2022-05-08,2022-12-20
0xa4018a871b700c24b6d5841f7dbe25c16f4f05ba,6,2,0.1093856,0xdf75054cd67217aee44b4f9e4ebc651c00330938,0.099563078571607,2022-12-04,2022-12-20
0x6c50f96479c702ba4e90388f020ba4fa0e2383ba,4,2,0.0023257,0xdf75054cd67217aee44b4f9e4ebc651c00330938,0.0011251109225541,2022-12-05,2022-12-20
0xbd3f36842060a2955d370f6789953538e6dd5473,10,3,0.033989,0xfe416fab76799bb2a3e3b79e72d4873626e35e8e,0.0010624769111499,2022-12-01,2022-12-21
0x7ee61332c024b7b626f57b4e674448c97fe70173,2,1,0.014977,0xdf75054cd67217aee44b4f9e4ebc651c00330938,0.013076739,2022-12-13,2022-12-13
0x64ce930e3cc222c5b703ad6da9aeb2c1f39486c8,2,1,0.006781500067815,0xdf75054cd67217aee44b4f9e4ebc651c00330938,0.0045863270911243,2022-12-19,2022-12-19
0x41453deaabfaa9163f91031222a652d7ff3955ba,2,2,0.01,0xdf75054cd67217aee44b4f9e4ebc651c00330938,0.0062878597337625,2021-01-13,2022-12-21
0xf671aa6f12cae6f2ac54af39d5dd428a040614a3,2,1,0.009,0xdf75054cd67217aee44b4f9e4ebc651c00330938,0.0047114901370693,2022-12-20,2022-12-20
0x15f1f2b08420956256810e57136896bf85e748f6,4,2,0.0,0xdf75054cd67217aee44b4f9e4ebc651c00330938,0.0046411461120458,2022-10-28,2022-12-19
0xecc706c26e24fc290db0c73e461806230f053390,8,3,0.083832,0xdf75054cd67217aee44b4f9e4ebc651c00330938,0.0040112018314579,2022-11-28,2022-12-10
0x5517e9c5d457681280f946cd0b9893e9e3792556,2,1,0.007,0xdf75054cd67217aee44b4f9e4ebc651c00330938,0.000802798499504,2022-12-16,2022-12-16
0xa6c5240a99a8e25b74a4bd1ac2e84d199b050713,4,2,0.0,0xdf75054cd67217aee44b4f9e4ebc651c00330938,0.0045077140994578,2022-10-28,2022-12-19
0x630e1c695ac6e35204df3e9a208175ad1a4ab35b,4,3,0.68916461,0x4dbd4fc535ac27206064b68ffcf827b0a60bab3f,0.0543468148402582,2022-12-20,2022-12-22
0x807e1b21b03cb3c801ad34992ba1e3caf6c683d1,4,2,0.01999,0xdf75054cd67217aee44b4f9e4ebc651c00330938,0.0096042889617835,2022-12-11,2022-12-20
0x0ea5ae4782918baf7d496a10b9f48a20055c52e5,2,1,0.005,0xdf75054cd67217aee44b4f9e4ebc651c00330938,0.0003024693848693,2022-12-14,2022-12-14
0x0aa3e4bd52cb77d2bcd4c885e2f6b9333a0d8912,2,2,0.121232,0xdf75054cd67217aee44b4f9e4ebc651c00330938,0.0009900102580641,2022-12-16,2022-12-19
0x880dc8581e58f8273f65da3df9a5ff337123ceb0,7,3,0.049182,0xdf75054cd67217aee44b4f9e4ebc651c00330938,0.0059993423156979,2022-10-20,2022-12-20
0x3170a7d0adc4e8d5da72002f90e0a477498182c7,3,3,0.022,0xdf75054cd67217aee44b4f9e4ebc651c00330938,0.0011518697344697,2021-12-04,2022-12-20
0xd91d739dc1565a520376d015a315d04b861c3738,4,3,0.025,0xdf75054cd67217aee44b4f9e4ebc651c00330938,0.0009272517792362,2021-12-04,2022-12-20
0xb770eb1e22cb5eed42d77132dd66de72d42e39d3,4,2,0.013472,0xff1f2b4adb9df6fc8eafecdcbf96a2b351680455,0.0010470670566594,2022-12-19,2022-12-20
0x9d637fac06d5b9017a818b669d30403831deaced,3,1,0.066,0x2abad5e61e56476b5c9cef95ea3d8f00ad7f5ed0,0.0015821964961118,2022-12-14,2022-12-14
0xd1da9bcf452b56b1d5112663114fb45b7e121877,10,3,0.033894,0xe16247a423746a674e5cd89c1a3620a1464390d0,0.0020994595837845,2022-12-01,2022-12-21
0x39a0be605aa58858472463b4f6db01a84176aba6,4,3,0.0,0xdf75054cd67217aee44b4f9e4ebc651c00330938,0.0021733707019819,2020-12-16,2022-12-21
0x6ced41f82b8b6907417045f5f268e848bc30ed8b,4,2,0.01999,0xdf75054cd67217aee44b4f9e4ebc651c00330938,0.0095902770123077,2022-12-08,2022-12-20
0x2f30b39a4ca4e05eb834c717ce1076fbafc8f0f2,4,2,0.01999,0xdf75054cd67217aee44b4f9e4ebc651c00330938,0.009534920463721,2022-12-08,2022-12-20
0x0826e0352ce438e09e1c4ba42c13a8f486d85106,2,1,0.015,0xdf75054cd67217aee44b4f9e4ebc651c00330938,0.0131860117978833,2022-12-18,2022-12-18
0xe1a2c23cd2adc9eeb46fc1131242136ad1a2551e,5,2,0.06,0xdf75054cd67217aee44b4f9e4ebc651c00330938,0.0389887522531631,2022-10-27,2022-12-14
0x8d4279dce1ec4e8bfc187735e156ae07e9171fac,5,3,0.01005544,0xdf75054cd67217aee44b4f9e4ebc651c00330938,0.0059636860582266,2022-10-26,2022-12-20
0x27558928c6ed4f1975835b98b940416f4554b7b9,4,3,0.04998,0xdf75054cd67217aee44b4f9e4ebc651c00330938,0.0442739927627256,2022-12-05,2022-12-20
0xf96bad7d908b0b9b1bb894d8bf8ab9655d39af6c,8,3,0.084032,0xdf75054cd67217aee44b4f9e4ebc651c00330938,0.0008114562270757,2022-12-17,2022-12-20
0x40b9ca701050d551e163e81ad0e40720de0f3036,3,1,0.07,0x9d637fac06d5b9017a818b669d30403831deaced,0.0019733858619192,2022-12-14,2022-12-14
0x7ad664264d848fc6d24b19e3e12ac8b162811dc9,4,3,0.025,0xdf75054cd67217aee44b4f9e4ebc651c00330938,0.0011989620752967,2021-12-04,2022-12-20
0xd984aaf720f9dadaec002c82c0812a399e275e08,10,3,0.0765546,0xdf75054cd67217aee44b4f9e4ebc651c00330938,0.0005669637033766,2022-12-10,2022-12-17
0x0ac72cda4112a762af474db8aa589baad1a5af96,4,2,0.013472,0xff1f2b4adb9df6fc8eafecdcbf96a2b351680455,0.001564317050896,2022-12-19,2022-12-20
0x48ffb9ddf99302ced0bafba36ef406b4e43325a1,3,1,0.111,0x99c9fc46f92e8a1c0dec1b1747d010903e884be1,7.4863719448075e-05,2022-12-16,2022-12-16
0xc31ae8d4f9a020bc75d040e5a79f5b10329b2bdb,2,1,0.01,0xdf75054cd67217aee44b4f9e4ebc651c00330938,0.0070321115448219,2022-12-20,2022-12-20
0x3002a033aad0fc23b0165bc5c5bce021c250e999,3,3,0.022,0xdf75054cd67217aee44b4f9e4ebc651c00330938,0.0011485073719609,2021-12-04,2022-12-20
0x4fb03969ae3a04e8828c10106616eed554186ccc,6,3,0.02099,0x4dbd4fc535ac27206064b68ffcf827b0a60bab3f,0.0145384030825225,2022-11-29,2022-12-24
0xeccd9cabe1b62543b922fa3f7ea21d207bfb6bd1,7,1,0.121432,0x5ca21bf7540d37c87cce0b69d5082d914a6732c2,0.000137939237541,2022-12-19,2022-12-19
0x4e1afbb6168b9f83d74b216309537d7436eed511,4,3,0.0,0xdf75054cd67217aee44b4f9e4ebc651c00330938,0.0041451257795145,2020-12-16,2022-12-21
0xf512a8b86d86198177dea134e02bda1ba3ef6783,2,1,0.008,0xdf75054cd67217aee44b4f9e4ebc651c00330938,0.0025085849483408,2022-12-19,2022-12-19
0x4881e19652fb5f8f901e30db2e3d0ebcf33b434a,3,1,0.01066735,0x103593ad26992c7fda46255072557b59070bba99,0.0006496571946609,2022-12-20,2022-12-20
0xdc8ae7f61f30a0b11f9e4ec4d9c723c4233841a9,6,3,0.0024,0xdf75054cd67217aee44b4f9e4ebc651c00330938,0.0097751209847991,2021-07-31,2022-12-20
0x42c9ac330f7389c21c712b5736091d5a12773fe5,6,3,0.5725978,0x0b9857ae2d4a3dbe74ffe1d7df045bb7f96e4840,0.2236589297139988,2022-11-06,2022-12-20
0x70d9540d58b6a307982c7072c0cc0038d85b53b9,4,3,0.025,0xdf75054cd67217aee44b4f9e4ebc651c00330938,0.0021092417773762,2021-12-04,2022-12-20
0x9c4fd08f2a24c3eaa262925102828ab2d7ba78ac,7,3,0.11,0xdf75054cd67217aee44b4f9e4ebc651c00330938,0.0014435306415182,2022-11-30,2022-12-19
0x1bf19a294f08203c74d7d8e18f19da4cf8a15fdd,2,1,0.008,0xdf75054cd67217aee44b4f9e4ebc651c00330938,0.0026503711710596,2022-12-19,2022-12-19
0xdf8a08357f627e2fd16fc8dc182e84dde592159e,2,2,1.626322,0xdf75054cd67217aee44b4f9e4ebc651c00330938,1.5754186075180123,2022-12-10,2022-12-20
0x0f1a16f426967a0e29df3e212598cd329229c229,2,1,0.007,0xdf75054cd67217aee44b4f9e4ebc651c00330938,0.0009066028761824,2022-12-16,2022-12-16
0x93bc06f2bc2ac04b51e868b6aff3e0b2e8d4dc69,2,1,0.008,0xdf75054cd67217aee44b4f9e4ebc651c00330938,0.002565605190158,2022-12-19,2022-12-19
0xbe7d92d39ac263f1415f2d8b90e883ac131e58d1,3,2,0.0,0xdf75054cd67217aee44b4f9e4ebc651c00330938,0.0036364068015002,2022-10-28,2022-12-19
0x16bce8af5a9631e990f6e37eecb868dd2272c0b5,2,1,0.008,0xdf75054cd67217aee44b4f9e4ebc651c00330938,0.0026162786025324,2022-12-19,2022-12-19
0x4695df666e2e1894bd5fd638cd962e7a55367ede,5,3,0.002771,0xdf75054cd67217aee44b4f9e4ebc651c00330938,0.0094717064224878,2022-07-08,2022-12-20
0xc54c7328b965e64b17b20844a2d8d30f72145be1,2,2,0.01,0xdf75054cd67217aee44b4f9e4ebc651c00330938,0.006058993089474,2021-01-12,2022-12-21
0x768347b0b010600991a56a0e9f26b373de6fedb8,5,3,0.0,0xdf75054cd67217aee44b4f9e4ebc651c00330938,0.0050320606025519,2020-12-16,2022-12-21
0x31bc123129471d583a0f1d2da19d089a4d1866b6,9,3,0.009232,0x0b9857ae2d4a3dbe74ffe1d7df045bb7f96e4840,0.4631012513607942,2022-12-19,2022-12-27
0xefc784134e61877b76e40e19bd67df83c1ad5826,4,3,0.025,0xdf75054cd67217aee44b4f9e4ebc651c00330938,0.0024096437789228,2021-12-04,2022-12-20
0x0a96d340baec3174723e9fdd324b6425d6e20e14,4,2,3.0285,0xdf75054cd67217aee44b4f9e4ebc651c00330938,0.0089011808798817,2022-05-10,2022-12-20
0xf71e9e42a501fc458ebefb4902ded0f4ea50b6f5,4,2,0.005,0xe266555bec0fe6e25b8a5ceb36717b64e93f374c,0.0029662106864734,2022-12-14,2022-12-20
0xbe3d2edd4759f19005890f5a379057e849f8edef,2,1,0.01,0xdf75054cd67217aee44b4f9e4ebc651c00330938,0.008734808385916,2022-12-20,2022-12-20
0xcf02b3527a64e958bc392d27131e1c7f59628c60,2,1,0.020232,0xdf75054cd67217aee44b4f9e4ebc651c00330938,0.0190312502574643,2022-12-19,2022-12-19
0x75b55e23e37ba72e544467e4452d9d6ee321b750,3,3,0.022,0xdf75054cd67217aee44b4f9e4ebc651c00330938,0.0012115173332923,2021-12-04,2022-12-20
0x56d23a02d3616e576d20237e3be5fab5fbc5b348,5,2,0.009232,0xdf75054cd67217aee44b4f9e4ebc651c00330938,0.0176604095803515,2022-10-28,2022-12-20
0x564c11df57e58a465750102b3056c056f092a8c0,6,3,0.122332,0xdf75054cd67217aee44b4f9e4ebc651c00330938,0.0041520408726185,2022-12-02,2022-12-11
0x398b5535dba9278b1d2fc020c5abe814815a20c7,4,3,1.549,0xdf75054cd67217aee44b4f9e4ebc651c00330938,0.007217479,2022-11-06,2022-12-20
0xc6a0d081a0a4026ecddc10eebfe2d4805a8fc61a,2,2,0.01,0xdf75054cd67217aee44b4f9e4ebc651c00330938,0.0061529999819402,2021-01-13,2022-12-21
0x4f213c5472443740d297e03481952d94e904bb35,6,2,0.998232,0xdf75054cd67217aee44b4f9e4ebc651c00330938,0.007508539592001,2022-10-25,2022-12-20
0xe27d131bd02ba09d1cbe9dab4b40f270bdb2f3db,3,3,0.022,0xdf75054cd67217aee44b4f9e4ebc651c00330938,0.0009322035172636,2021-12-04,2022-12-20
0x4d4feb01b78adee6a3d1dc8956ddd7e0fab3812f,6,2,0.0049922326527486,0xfc7bf33c986a695ebf6d13e566d4c54647186f25,0.0,2022-12-04,2022-12-20
0xf3c959a5d891ff5cb6856dc19489ff3639125de2,2,1,0.01171996,0xdf75054cd67217aee44b4f9e4ebc651c00330938,0.0088540702327378,2022-12-20,2022-12-20
0x69b64f15f6c566bd4bf0d9b1ea577906f50dfe07,7,3,0.110832,0xdf75054cd67217aee44b4f9e4ebc651c00330938,0.0081738050149946,2022-12-06,2022-12-20
0x1ac75ad63998699c68992bbdb41778cedaa64847,2,1,0.0042151407857022,0xdf75054cd67217aee44b4f9e4ebc651c00330938,0.0020121036336577,2022-12-19,2022-12-19
0xaae68febe05bed35388ece30238733e00fdacd31,6,2,0.949232,0xdf75054cd67217aee44b4f9e4ebc651c00330938,0.0070848821903609,2022-10-26,2022-12-20
0x01e7d2d1f4b0ef644dffdf97004a82ecf554e8b3,3,2,0.26452319,0xdf75054cd67217aee44b4f9e4ebc651c00330938,0.0013451016899967,2022-12-17,2022-12-20
0xab68e3373b28e91f4496b2d0d03fc9fdbb7e092d,1,1,0.02582237,0xab68e3373b28e91f4496b2d0d03fc9fdbb7e092d,0.0008712099576558,2022-11-16,2022-11-16
0xe47fbc7acf67c5bced6097b1faa648fdb1b13a38,4,3,0.025,0xdf75054cd67217aee44b4f9e4ebc651c00330938,0.0012222966101042,2021-12-04,2022-12-20
0xd60b783439d4e8a00a60f73bde2d960099ca329e,3,3,0.022,0xdf75054cd67217aee44b4f9e4ebc651c00330938,0.0023200701843805,2021-12-04,2022-12-20
0x1f15c7b88b094bb7535c00b3774727b2e5c95b1e,2,1,0.004,0xdf75054cd67217aee44b4f9e4ebc651c00330938,0.0003129275270616,2022-12-12,2022-12-12
0xbd78826def1a8b4752381c26e9fc0abc601b2441,2,1,0.008,0xdf75054cd67217aee44b4f9e4ebc651c00330938,0.0027257284010083,2022-12-19,2022-12-19
0x6cc835bf9d15051f610d1e480891c8c4822d6d65,6,1,0.108032,0x36a532950f213a84690a2e7e238f80724a55a3a0,8.1523120161e-05,2022-12-19,2022-12-19
0x5e57d5fe1082b4bcc0b386fd2a10b22bebf7ad6e,5,3,0.076,0xdf75054cd67217aee44b4f9e4ebc651c00330938,0.0046325898553454,2022-12-03,2022-12-20
0x10e4bc2f1e81d7953caae5b35031ba9a0df0b67b,5,2,0.86901155,0x4dbd4fc535ac27206064b68ffcf827b0a60bab3f,0.0356726863959233,2022-12-19,2022-12-21
0xb7daa2c8c6d61440b43d3cfe477e6da944398c8f,4,2,0.0,0xdf75054cd67217aee44b4f9e4ebc651c00330938,0.004482710179099,2022-10-28,2022-12-19
0x882080edb324ae31c9d71b205b024c8de1b89684,2,1,0.020232,0xdf75054cd67217aee44b4f9e4ebc651c00330938,0.0189608733655062,2022-12-19,2022-12-19
0xf1de41c5fca70a9838940d5529e83f54eceadd9a,6,2,0.7732561,0xdf75054cd67217aee44b4f9e4ebc651c00330938,0.0079504183300494,2022-10-27,2022-12-21
0xfc7bf33c986a695ebf6d13e566d4c54647186f25,6,2,0.0035298591346736,0x0fbe83b361833b850fe8a2d869760fca9faff15f,0.0,2022-12-04,2022-12-20
0x1d3275c0c8c5b9e439a67130e1c4747d81daca7e,2,1,0.005,0xdf75054cd67217aee44b4f9e4ebc651c00330938,0.0002313027613585,2022-12-14,2022-12-14
0x16e7eaddf58c847f66e5aeff5671ff46925209b3,4,3,0.0,0xdf75054cd67217aee44b4f9e4ebc651c00330938,0.0026543661914917,2020-12-16,2022-12-21
0xe428a0387b22ba5b55d5c76cc198700db41088ae,5,3,0.0,0xdf75054cd67217aee44b4f9e4ebc651c00330938,0.0023411378081475,2020-12-16,2022-12-21
0xf8a6175ef1f272f2e7d87b908536a3fafdb6cedc,2,2,0.01191452,0xf8a6175ef1f272f2e7d87b908536a3fafdb6cedc,0.001409445525144,2022-10-30,2022-11-20
0x4725b71610490380d2e912188aa0dc0f8be19464,4,2,0.013472,0xff1f2b4adb9df6fc8eafecdcbf96a2b351680455,0.0016723483484036,2022-12-19,2022-12-20
0xf785d5e00703cbf95aedbed63ad2fe480a9c1ebc,9,2,0.169232,0xc71b6bc4dd546397e1e0dd877ea20df43d8051bc,0.0002640480812909,2022-12-20,2022-12-21
0x92938cadd8c49d785e3439f23f82235e09130a23,7,3,0.013370235694812,0xb861c6d5acadaf5bb17d8d380260bb14b2e1519e,0.000300108150636,2022-12-09,2022-12-20
0x0f268dfca18c8b2935b424663f8ac9d3184d0d3d,4,2,0.01999,0xdf75054cd67217aee44b4f9e4ebc651c00330938,0.0094899227829199,2022-12-11,2022-12-20
0x62fa5c58e2b6f2cb8e2fb9dd4390acd876e587f5,1,1,0.0009,0xdf75054cd67217aee44b4f9e4ebc651c00330938,0.0010486239983058,2022-12-20,2022-12-20
0x597bb533a97b2a2181a2f2ef1c2b771f7ce5e1de,3,2,0.01,0xdf75054cd67217aee44b4f9e4ebc651c00330938,0.0074645933996808,2022-11-30,2022-12-21
0x6406d6a085113e8960816efe267f1baff49b8125,3,2,0.01499,0xdf75054cd67217aee44b4f9e4ebc651c00330938,0.0102477995567219,2022-06-18,2022-12-20
0x50805f2c802f59cd48991ede45166cebbf83f0fc,2,2,0.005,0xdf75054cd67217aee44b4f9e4ebc651c00330938,0.0008976694239323,2022-12-14,2022-12-15
0x04f42953a9bff657dd1c6d7eec1776a620b06df4,2,2,0.01,0xdf75054cd67217aee44b4f9e4ebc651c00330938,0.0060521196867942,2021-01-13,2022-12-21
0x052b68450cd6d6910f121739d3779600dbff507d,5,2,0.21,0xdf75054cd67217aee44b4f9e4ebc651c00330938,0.0052028169362632,2022-11-30,2022-12-20
0x72b94f302dbf100f3b60a7119010ff61762b88c7,2,2,0.00955,0xdf75054cd67217aee44b4f9e4ebc651c00330938,0.0080876581294587,2022-12-19,2022-12-21
0xb6e31b0aefa4676437048aa3dab5b2aa2e326eea,6,3,0.117832,0x4dbd4fc535ac27206064b68ffcf827b0a60bab3f,0.0034618300083612,2022-12-01,2022-12-10
0xb13704d465c56797cab98e8df49ed0f5054ae3f0,2,2,0.01,0xdf75054cd67217aee44b4f9e4ebc651c00330938,0.0064470598147545,2021-01-13,2022-12-21
0xa27c89394a39742ef956853318d129bdf1cdd6ee,2,1,0.01684586,0xdf75054cd67217aee44b4f9e4ebc651c00330938,0.0141385075900737,2022-12-20,2022-12-20
0xce30f7cf383a6ec010176c08efd727c52c7c4eab,2,1,0.005,0xdf75054cd67217aee44b4f9e4ebc651c00330938,0.0001934453343888,2022-12-14,2022-12-14
0xa834997b30a40eaeca8cbf078611515a614a9aec,2,1,0.008,0xdf75054cd67217aee44b4f9e4ebc651c00330938,0.0026588839621813,2022-12-19,2022-12-19
0xb283d0377762976c8ce6f03ee30af01048593a50,2,1,0.005,0xdf75054cd67217aee44b4f9e4ebc651c00330938,0.0007978520856567,2022-12-14,2022-12-14
0x82ab0aa8d3b458a014bd2560d1417e5a51171882,2,1,0.005,0xdf75054cd67217aee44b4f9e4ebc651c00330938,0.0002168379091659,2022-12-14,2022-12-14
0xc51880d3956fbb3b51b0546d9b60840baa942dec,4,2,7.89e-06,0xdf75054cd67217aee44b4f9e4ebc651c00330938,0.0074262290386513,2022-11-30,2022-12-21
0x89477e26fb2d49fbc70b9e04be0052be8671da00,2,1,0.00199,0xdf75054cd67217aee44b4f9e4ebc651c00330938,0.000875300753298,2022-12-20,2022-12-20
0x9bd73f42751eea4f8b50812c47f384944dd73ed0,2,1,0.008,0xdf75054cd67217aee44b4f9e4ebc651c00330938,0.0026937677661243,2022-12-19,2022-12-19
0x6742b148d14519b8d27411222234adc6f82ba2c8,9,3,0.07649910426581,0xd62f5d1949d29fa9626448979ced7083fb765bd8,8.861191038e-05,2022-11-24,2022-12-22
0x2e1380dcbaec6477081f5d770806e2aae71ddd1f,5,3,0.13,0xdf75054cd67217aee44b4f9e4ebc651c00330938,0.0023524964232315,2022-12-03,2022-12-20
0x1f66a8cea35faae2798d156d986b702b36220fd0,3,3,0.078232,0xdf75054cd67217aee44b4f9e4ebc651c00330938,0.0293431527572119,2022-12-01,2022-12-20
0x3cea24878f99d3d1cae0206dbf763f26716cd76b,4,3,0.0,0xdf75054cd67217aee44b4f9e4ebc651c00330938,0.0030751278412551,2020-12-16,2022-12-21
0x7747b73f88832be963c59e1949a7384b93a360ce,5,2,0.21,0xdf75054cd67217aee44b4f9e4ebc651c00330938,0.0059765852942336,2022-11-30,2022-12-20
0xaebda3d508b2b813781f688c86ad8e7e13db1adc,2,2,0.010502,0xdf75054cd67217aee44b4f9e4ebc651c00330938,0.0088969445063833,2022-12-19,2022-12-21
0x7407f4858cbc52cf937eb28a0cde5fcf8d5e97cf,3,3,0.022,0xdf75054cd67217aee44b4f9e4ebc651c00330938,0.001124659847916,2021-12-04,2022-12-20
0xe1981acbe553a545514e2b85a6c5a06549d37fc5,6,2,0.114832,0x4dbd4fc535ac27206064b68ffcf827b0a60bab3f,0.002509765136618,2022-12-01,2022-12-10
0x4ba00413d40ee36f9e58473d982625e45438ee25,6,2,0.0746856,0xdf75054cd67217aee44b4f9e4ebc651c00330938,0.0570810673030622,2022-11-28,2022-12-20
0xff4df8de763091637a0d07f4dc62ff466138a429,6,3,0.3145718756747966,0xcdb6a178aae749c8b03649f671c6c11efd34a0ff,0.0002409823508775,2021-10-18,2022-12-19
0x98864ce5a4f0722486355486b5a3c672ea7a1cbb,8,3,0.02,0xdf75054cd67217aee44b4f9e4ebc651c00330938,0.0098660144158889,2022-11-29,2022-12-20
0x004164e621cbef23b4dd50be837976aa6b21feb1,2,2,0.01,0xdf75054cd67217aee44b4f9e4ebc651c00330938,0.0061133745661208,2021-01-13,2022-12-21
0x60ec92ab5f37a29ee72d0ba9200e429af8754940,7,3,0.009232,0x0b9857ae2d4a3dbe74ffe1d7df045bb7f96e4840,0.510620624633806,2022-12-19,2022-12-27
0xa1623f28bb9ccd4e395e5cd726e069d59882adcd,4,2,0.01999,0xdf75054cd67217aee44b4f9e4ebc651c00330938,0.0096497996940701,2022-12-11,2022-12-20
0x13c313556b222ea1fd912ad5e722284cb9c4535f,8,3,0.10113,0xdf75054cd67217aee44b4f9e4ebc651c00330938,0.0073416321038114,2022-10-24,2022-12-20
0x1f7477327e5ff2d59dc039ee119113eafb3cee49,2,2,0.00972,0xdf75054cd67217aee44b4f9e4ebc651c00330938,0.0082329002788467,2022-12-19,2022-12-21
0x6a0978ecbc7d14ba44c22276f6f7500a2317d326,7,3,0.0,0x30d120f80d60e7b58ca9ffaf1aab1815f000b7c3,0.059761349895697,2022-11-04,2022-12-24
0x58e57e29ff5d26a71b00176b541dcb8717f9f71a,2,1,0.013698,0xdf75054cd67217aee44b4f9e4ebc651c00330938,0.0116884516602184,2022-12-13,2022-12-13
0xdf5fa3b976794616ab255f5203c6a016ea0ac610,4,3,0.01499,0xdf75054cd67217aee44b4f9e4ebc651c00330938,0.0097062489000762,2022-06-17,2022-12-20
0x5a9d2e250491cf5a9a56fc56d954493c2eacb93b,6,3,0.0024,0xdf75054cd67217aee44b4f9e4ebc651c00330938,0.0095166598720442,2021-07-31,2022-12-20
0xff67e230eef3e155aef27fab529701b7fb81e153,3,2,0.005,0xdf75054cd67217aee44b4f9e4ebc651c00330938,0.0011039249666974,2022-11-30,2022-12-20
0xc3c95417e5c70963fe8853faf405e7d601b21107,2,2,0.01,0xdf75054cd67217aee44b4f9e4ebc651c00330938,0.0059655394569377,2021-01-12,2022-12-21
0x0fec7443bbb3d527623c309dc188a1dcea5c8787,6,3,0.11155764,0xc4448b71118c9071bcb9734a0eac55d18a153949,0.0007389546062294,2022-12-02,2022-12-18
0x2b2ce7bb9ec34f1d23396660d01652234b3573e3,9,2,0.01667898,0x4db3a87acfddd408e5f9927633dc954b62c4fe9a,0.0008284610211164,2022-12-20,2022-12-26
0x6ff539291354bf6b966641985c93b9ad803d1cc8,2,2,0.070232,0xdf75054cd67217aee44b4f9e4ebc651c00330938,0.0021976409774308,2022-12-16,2022-12-19
0x8b83b7028b4d79f18aea106b2f8a0dc7c35ca122,3,1,0.00033,0xdf75054cd67217aee44b4f9e4ebc651c00330938,0.0333909432043464,2022-12-20,2022-12-20
0x759d4ade9c517bc48e96dd54115277861f3c43eb,3,2,5.87039659,0xdf75054cd67217aee44b4f9e4ebc651c00330938,0.8557674719323038,2022-12-08,2022-12-20
0x2f34320df752b5b8e30a60bb3bdc69dd9d21880c,2,1,0.008,0xdf75054cd67217aee44b4f9e4ebc651c00330938,0.0025690194314395,2022-12-19,2022-12-19
0x2604ab91d49106ee861bbc2b6718a4ec25318fae,3,2,0.0,0xdf75054cd67217aee44b4f9e4ebc651c00330938,0.3714722839103494,2022-10-19,2022-12-10
0x1c94219aa4ab74e559b5d022301aedab9b8787e9,5,3,0.07146311,0xdf75054cd67217aee44b4f9e4ebc651c00330938,0.0007107662716058,2022-11-06,2022-12-18
0x448e1e9baed2fee6c3e2db6a84ffd2014b203069,2,2,0.082,0xdf75054cd67217aee44b4f9e4ebc651c00330938,0.0010682552417594,2022-12-16,2022-12-19
0x301ad6f9abe9b3bf193903ac71a0b4d9b5842ef6,4,3,0.025,0xdf75054cd67217aee44b4f9e4ebc651c00330938,0.0024986687978033,2021-12-04,2022-12-20
0x95f0b367001746fd6e50ac22782411d84f1e0850,5,2,0.04,0xdf75054cd67217aee44b4f9e4ebc651c00330938,0.0011057456025994,2022-12-05,2022-12-20
0x77bd323b76284d9fe2a42f8ce5219401daeb4358,3,3,0.022,0xdf75054cd67217aee44b4f9e4ebc651c00330938,0.0023177585253553,2021-12-04,2022-12-20
0x6a3a26a2c2ddc5cafa27acda26c96cc7cd8841ad,2,1,0.008,0xdf75054cd67217aee44b4f9e4ebc651c00330938,0.0022111367648441,2022-12-19,2022-12-19
0xa64d2f79a99c0934904f9e90a38c73e5e805d43a,6,2,0.772432,0xdf75054cd67217aee44b4f9e4ebc651c00330938,0.0080582722268789,2022-10-28,2022-12-21
0xc23c5d179c716c3d820ad2684c8e71d133301f37,2,1,0.008,0xdf75054cd67217aee44b4f9e4ebc651c00330938,0.0025987328438678,2022-12-19,2022-12-19
0xf2c3cc6931d2f42517e631fa00d0a11690785153,8,3,0.081232,0xdf75054cd67217aee44b4f9e4ebc651c00330938,0.0016807567959313,2022-11-27,2022-12-10
0xbbdde23baed3efc2c026a621fcd8933aa444fc51,2,2,0.01,0xdf75054cd67217aee44b4f9e4ebc651c00330938,0.0061782262546714,2021-01-13,2022-12-21
0xdf36d804176f4e224e248a93c50145f56c6bf239,3,2,0.05538,0xdf75054cd67217aee44b4f9e4ebc651c00330938,0.0070899031554982,2022-12-13,2022-12-14
0x8d8388fc78764c9a8043be5349ddf087c0ff1030,4,2,0.012,0xdf75054cd67217aee44b4f9e4ebc651c00330938,0.0032458018064512,2022-12-05,2022-12-20
0x7bb6f588f8f8b8442e81161b659a237aa400b060,2,1,0.0315,0xdf75054cd67217aee44b4f9e4ebc651c00330938,0.0007719164803751,2022-12-21,2022-12-21
0x75ad5b9f6fbb2454d7fa656bd83b88798c595c36,4,3,0.025,0xdf75054cd67217aee44b4f9e4ebc651c00330938,0.001500465968417,2021-12-04,2022-12-20
0x2750fee3013e747cbd7df9bff3ab06c69c489213,3,1,0.01,0xdf75054cd67217aee44b4f9e4ebc651c00330938,0.0140135819267416,2022-12-13,2022-12-13
0x002ffc401494c4b65843e5981701c87579f28405,2,2,0.091,0xdf75054cd67217aee44b4f9e4ebc651c00330938,0.0011507801361602,2022-12-16,2022-12-20
0x82f3ff90b78643a9a5ed12428bcd5ffbf7fcc788,3,3,0.078232,0xdf75054cd67217aee44b4f9e4ebc651c00330938,0.0292402125479871,2022-12-01,2022-12-20
0xaa1eb9c8784500fb02490fde89a1a8e1b79051e1,6,1,0.119632,0xd475ac8a2335875f73e53afa6894c5e2a1420ff4,0.000151808384763,2022-12-19,2022-12-19
0xae8eda32b84d4d22d0e504e507694c5c71e3f5c0,10,3,0.039232,0x80c67432656d59144ceff962e8faf8926599bcf8,0.0060119578561801,2022-11-26,2022-12-19
0xc0baaaa6971f7bfa246a7b95c8cf263c1a3e3575,1,1,0.001,0xdf75054cd67217aee44b4f9e4ebc651c00330938,0.0026067133358877,2022-12-20,2022-12-20
0xe3887945651476c7c8d3f98ad1dec2f54e9dc38c,5,2,0.028,0xdf75054cd67217aee44b4f9e4ebc651c00330938,0.005348067159068,2022-12-05,2022-12-20
0x91fb1e69c9f43182fb8627b98101fa6067515e36,2,2,0.01,0xdf75054cd67217aee44b4f9e4ebc651c00330938,0.0059997324233739,2021-01-12,2022-12-21
0xa3b9365373d31bc53a7a83eff3de3d8c67ff3a4c,2,2,0.01,0xdf75054cd67217aee44b4f9e4ebc651c00330938,0.0062739794205692,2021-01-13,2022-12-21
0xff03ac34c120de0fc0cd5aa03a06aa6bfc5034ae,6,3,0.116932,0x4dbd4fc535ac27206064b68ffcf827b0a60bab3f,0.0040489833875653,2022-12-01,2022-12-10
0x693f669f8b45d015c2a181978167a532654b58b8,4,3,0.025,0xdf75054cd67217aee44b4f9e4ebc651c00330938,0.0006449030337652,2021-12-04,2022-12-20
0x49e95f9ba41f37cc1d222a7f13fe32feca06448b,4,3,0.025,0xdf75054cd67217aee44b4f9e4ebc651c00330938,0.0014655921433304,2021-12-04,2022-12-20
0x3e931398519b326eb8e22d3601d3c9760c88cfcf,3,2,10.1538,0xdf75054cd67217aee44b4f9e4ebc651c00330938,0.097083674774131,2022-12-05,2022-12-20
0xef804aa2dc5d4d7ac83f6a909ebfc1ca0c9a00d6,5,2,0.013472,0xff1f2b4adb9df6fc8eafecdcbf96a2b351680455,0.000163776414549,2022-12-19,2022-12-20
0xd76239d8bae4f1a3912276ae4368257034dedd1a,2,1,0.0042217249968337,0xdf75054cd67217aee44b4f9e4ebc651c00330938,0.0019511663255567,2022-12-19,2022-12-19
0x7fe6cf77a67a851919f52320136d29162cb05cfa,7,3,0.04671424,0xdf75054cd67217aee44b4f9e4ebc651c00330938,0.0215210122876446,2022-12-10,2022-12-17
0xc1d821d04583069d00e575fcd490ae1d54dad21b,2,2,0.14546591,0xdf75054cd67217aee44b4f9e4ebc651c00330938,0.1435024292764264,2022-12-16,2022-12-17
0x23022a4fe470745f42747cf468ca8031a67d4b87,6,2,0.116232,0x4dbd4fc535ac27206064b68ffcf827b0a60bab3f,0.0038385422904425,2022-12-01,2022-12-10
0x3951cae4f1d4e1b4ca96f3a93061788b7eab1482,4,2,0.078232,0xdf75054cd67217aee44b4f9e4ebc651c00330938,0.0010775154215805,2022-11-30,2022-12-20
0x960bd9f23e611e1523ce435233c8b9d3752c29ab,4,2,0.0,0xdf75054cd67217aee44b4f9e4ebc651c00330938,0.0037057107323917,2022-10-28,2022-12-19
0x4612aec0295c3c2195668bff37bf68e02f2dd65c,2,1,0.008,0xdf75054cd67217aee44b4f9e4ebc651c00330938,0.0026515558194087,2022-12-19,2022-12-19
0x3078f78bf8d053096b314ef2447d22b1c07530d0,9,3,0.11158562,0xe364ac59bbb1c3b581f41c77270e345df260927c,0.000108305227317,2022-12-12,2022-12-21
0xe49b522064100cb5465d53df71b399d9197c4855,8,3,0.020332,0xdf75054cd67217aee44b4f9e4ebc651c00330938,0.003276454091254,2022-12-05,2022-12-20
0x3656b472c56ee620eb12ffc4c3f1e3906190d596,7,3,0.1,0xdf75054cd67217aee44b4f9e4ebc651c00330938,0.0039638168228667,2022-11-30,2022-12-19
0xd934ddd3985e00ddeaf3a6397a2efe44ac8c2a75,4,2,0.013472,0xff1f2b4adb9df6fc8eafecdcbf96a2b351680455,0.0006187231482913,2022-12-19,2022-12-20
0x2401daf13e7e3c96cf3fe3108b47990b2ec405f3,3,2,0.01499,0xdf75054cd67217aee44b4f9e4ebc651c00330938,0.0111550479639408,2022-06-18,2022-12-20
0xe011b47eae4ec015f2a0ef9205777dd1599b77d0,7,3,5.095,0xafd2dbe2b14874b7672b893b2f4a74ec449334a4,9.6127031595e-05,2021-10-20,2022-12-20
0xd1cc36dbe4bf672d3d4f1999d8052537a8e5654f,4,3,0.025,0xdf75054cd67217aee44b4f9e4ebc651c00330938,0.0025545443321036,2021-12-04,2022-12-20
0x58e4448181a7861416e6bd032bb1bd2601289b21,3,3,0.022,0xdf75054cd67217aee44b4f9e4ebc651c00330938,0.0010917666371149,2021-12-04,2022-12-20
0xf08500ebb0ec07960b1d22c533d1ffb505226b90,2,1,0.008,0xdf75054cd67217aee44b4f9e4ebc651c00330938,0.0024858980023223,2022-12-19,2022-12-19
0x7a05c95c19452181edfd1f88ca35ebe5e5b4b9cd,3,3,0.022,0xdf75054cd67217aee44b4f9e4ebc651c00330938,0.0020514771433309,2021-12-04,2022-12-20
0xbfde4cdd4d46faa72ec81bda63f1e091cfa191fc,7,3,0.0995792152139905,0xdf75054cd67217aee44b4f9e4ebc651c00330938,0.0079356715384509,2021-02-18,2022-12-16
0xce4e7c9377e057e7f0c67592e84464a506d04d80,4,3,0.025,0xdf75054cd67217aee44b4f9e4ebc651c00330938,0.0013598545339894,2021-12-04,2022-12-20
0xcdffe93050408d7bcbc5ec779763733077c52e8c,1,1,0.001,0xdf75054cd67217aee44b4f9e4ebc651c00330938,0.0008254587311505,2022-12-20,2022-12-20
0x0b40aa7f3fb58e2f23f882514eae76594d6d96da,2,1,0.01,0xdf75054cd67217aee44b4f9e4ebc651c00330938,0.0075422772783773,2022-12-20,2022-12-20
0x0be2709401d1ad7ea9f84c11a829e3396884f87c,5,2,0.06,0xdf75054cd67217aee44b4f9e4ebc651c00330938,0.0088267488268244,2022-12-05,2022-12-20
0x89a2e37996a4153b627fecc0ccd943d695118fce,6,2,0.050931041542059,0x2a61aed74798e967e25ada1072748d1886bc1eeb,6.0931229436e-05,2022-11-24,2022-12-19
0x537d48c82aaf91caf93ddc84de7af53a8524e9ee,2,1,0.0042217249968337,0xdf75054cd67217aee44b4f9e4ebc651c00330938,0.0021048676118898,2022-12-19,2022-12-19
0xbcf868e590f39d6b03c9e190083e1baf0151885b,3,1,0.087322,0xdf75054cd67217aee44b4f9e4ebc651c00330938,0.0747583891913013,2022-12-12,2022-12-12
0xef2e39ff7b0ff2f91ee7b211d62bc94507abee9e,2,2,0.005,0xdf75054cd67217aee44b4f9e4ebc651c00330938,0.002581931985415,2022-12-14,2022-12-15
0x525c44c952197781f6abf9100e43a277115d075b,2,1,0.015639,0xdf75054cd67217aee44b4f9e4ebc651c00330938,0.01372763655,2022-12-12,2022-12-12
0xd81bf06327ea2c98db92b40a8c443b9c182bed0a,3,1,0.0110366,0x317d355d45e51e870c2e07a56fb5698114aa537a,0.000158679540201,2022-12-20,2022-12-20
0x938c23f0ad23cb87a25df679e9714248e06d934e,3,1,0.02082826,0x3ad4e8caa6a9aed5e30805f3402ee2fb4e52bb13,0.000195766579533,2022-12-20,2022-12-20
0xe92131948b17cd42eec68a41aa870544526a7804,3,3,0.078232,0xdf75054cd67217aee44b4f9e4ebc651c00330938,0.0292598621162256,2022-12-01,2022-12-20
0xf33ea4280981ae58630c63fd6b42f3c4137fd7ae,5,3,0.41569877,0xdf75054cd67217aee44b4f9e4ebc651c00330938,0.0065408879850028,2022-11-18,2022-12-20
